a	啊	1200
a	阿	1165
a	呵	1130
a	嗄	1095
a	腌	1060
ai	爱	1200
ai	哎	1165
ai	唉	1130
ai	矮	1095
ai	癌	1060
ai	艾	1025
ai	碍	990
ai	挨	955
an	安	1200
an	按	1165
an	暗	1130
an	案	1095
an	岸	1060
an	俺	1025
an	氨	990
an	谙	955
ang	昂	1200
ang	盎	1165
anzhuang	安装	780
ao	奥	1200
ao	傲	1165
ao	熬	1130
ao	凹	1095
ao	澳	1060
ao	袄	1025
ao	懊	990
ao	坳	955
ba	把	1200
ba	吧	1165
ba	八	1130
ba	爸	1095
ba	巴	1060
ba	拔	1025
ba	跋	990
ba	靶	955
ba	罢	920
ba	坝	885
bai	白	1200
bai	百	1165
bai	拜	1130
bai	摆	1095
bai	败	1060
bai	柏	1025
bai	伯	990
ban	班	1200
ban	办	1165
ban	半	1130
ban	般	1095
ban	板	1060
ban	版	1025
ban	伴	990
ban	搬	955
ban	扮	920
ban	瓣	885
bang	帮	1200
bang	棒	1165
bang	榜	1130
bang	绑	1095
bang	傍	1060
bang	膀	1025
bang	蚌	990
bang	磅	955
bangzhu	帮助	860
bao	包	1200
bao	保	1165
bao	报	1130
bao	抱	1095
bao	宝	1060
bao	饱	1025
bao	暴	990
bao	爆	955
bao	薄	920
bao	堡	885
baocun	保存	860
baogao	报告	780
baoqian	抱歉	820
bei	北	1200
bei	被	1165
bei	背	1130
bei	杯	1095
bei	倍	1060
bei	悲	1025
bei	碑	990
bei	辈	955
bei	贝	920
bei	备	885
beijing	北京	980
beiwang	备忘	790
ben	本	1200
ben	笨	1165
ben	奔	1130
ben	苯	1095
beng	蹦	1200
beng	绷	1165
beng	崩	1130
beng	甭	1095
beng	泵	1060
bi	比	1200
bi	必	1165
bi	笔	1130
bi	闭	1095
bi	鼻	1060
bi	逼	1025
bi	壁	990
bi	毕	955
bi	彼	920
bi	币	885
bian	边	1200
bian	变	1165
bian	便	1130
bian	遍	1095
bian	编	1060
bian	辩	1025
bian	辨	990
bian	扁	955
bian	鞭	920
bian	贬	885
bianji	编辑	800
biao	表	1200
biao	标	1165
biao	彪	1130
biao	膘	1095
biao	镖	1060
biao	婊	1025
bie	别	1200
bie	憋	1165
bie	瘪	1130
bie	鳖	1095
bin	宾	1200
bin	滨	1165
bin	濒	1130
bin	彬	1095
bin	斌	1060
bin	殡	1025
bin	膑	990
bin	鬓	955
bing	并	1200
bing	病	1165
bing	冰	1130
bing	兵	1095
bing	饼	1060
bing	丙	1025
bing	柄	990
bing	秉	955
bo	波	1200
bo	播	1165
bo	博	1130
bo	伯	1095
bo	薄	1060
bo	剥	1025
bo	脖	990
bo	拨	955
bo	菠	920
bo	驳	885
bu	不	1200
bu	步	1165
bu	部	1130
bu	布	1095
bu	补	1060
bu	捕	1025
bu	卜	990
bu	埠	955
bu	簿	920
bu	怖	885
buzhidao	不知道	900
ca	擦	1200
ca	嚓	1165
cai	才	1200
cai	菜	1165
cai	采	1130
cai	财	1095
cai	材	1060
cai	彩	1025
cai	猜	990
cai	裁	955
cai	踩	920
cai	蔡	885
can	参	1200
can	餐	1165
can	残	1130
can	蚕	1095
can	惨	1060
can	灿	1025
can	惭	990
can	掺	955
cang	藏	1200
cang	仓	1165
cang	苍	1130
cang	舱	1095
cang	沧	1060
cao	草	1200
cao	操	1165
cao	曹	1130
cao	槽	1095
cao	糙	1060
ce	策	1200
ce	测	1165
ce	册	1130
ce	侧	1095
ce	厕	1060
cen	参	1200
cen	岑	1165
cen	涔	1130
ceng	曾	1200
ceng	层	1165
ceng	蹭	1130
cha	查	1200
cha	差	1165
cha	茶	1130
cha	插	1095
cha	察	1060
cha	叉	1025
cha	岔	990
cha	诧	955
cha	搽	920
cha	刹	885
chai	拆	1200
chai	柴	1165
chai	差	1130
chai	豺	1095
chai	侪	1060
chai	瘥	1025
chan	产	1200
chan	缠	1165
chan	禅	1130
chan	颤	1095
chan	馋	1060
chan	谗	1025
chan	铲	990
chan	蝉	955
chan	搀	920
chan	婵	885
chang	长	1200
chang	常	1165
chang	场	1130
chang	厂	1095
chang	唱	1060
chang	尝	1025
chang	偿	990
chang	昌	955
chang	畅	920
chang	肠	885
chao	超	1200
chao	朝	1165
chao	潮	1130
chao	抄	1095
chao	吵	1060
chao	巢	1025
chao	钞	990
chao	嘲	955
chao	炒	920
chao	绰	885
chaoshi	超时	760
che	车	1200
che	扯	1165
che	彻	1130
che	撤	1095
che	掣	1060
che	澈	1025
chen	陈	1200
chen	沉	1165
chen	晨	1130
chen	尘	1095
chen	趁	1060
chen	衬	1025
chen	称	990
chen	臣	955
chen	辰	920
chen	忱	885
cheng	成	1200
cheng	城	1165
cheng	程	1130
cheng	称	1095
cheng	承	1060
cheng	呈	1025
cheng	乘	990
cheng	诚	955
cheng	撑	920
cheng	惩	885
chenggong	成功	880
chi	吃	1200
chi	迟	1165
chi	持	1130
chi	尺	1095
chi	池	1060
chi	赤	1025
chi	齿	990
chi	耻	955
chi	翅	920
chi	斥	885
chong	冲	1200
chong	虫	1165
chong	重	1130
chong	充	1095
chong	崇	1060
chong	宠	1025
chong	铳	990
chongshi	重试	800
chou	抽	1200
chou	愁	1165
chou	丑	1130
chou	仇	1095
chou	臭	1060
chou	筹	1025
chou	酬	990
chou	稠	955
chou	瞅	920
chou	绸	885
chu	出	1200
chu	处	1165
chu	初	1130
chu	除	1095
chu	楚	1060
chu	触	1025
chu	储	990
chu	础	955
chu	畜	920
chu	矗	885
chuai	揣	1200
chuai	踹	1165
chuai	嘬	1130
chuai	搋	1095
chuan	传	1200
chuan	穿	1165
chuan	船	1130
chuan	川	1095
chuan	串	1060
chuan	喘	1025
chuan	椽	990
chuan	舛	955
chuang	创	1200
chuang	床	1165
chuang	窗	1130
chuang	闯	1095
chuang	幢	1060
chuang	疮	1025
chui	吹	1200
chui	垂	1165
chui	锤	1130
chui	捶	1095
chui	炊	1060
chui	椎	1025
chun	春	1200
chun	纯	1165
chun	唇	1130
chun	蠢	1095
chun	醇	1060
chun	淳	1025
chuo	戳	1200
chuo	绰	1165
chuo	啜	1130
chuo	辍	1095
chuo	龊	1060
chuxing	出行	820
ci	次	1200
ci	此	1165
ci	词	1130
ci	刺	1095
ci	瓷	1060
ci	辞	1025
ci	磁	990
ci	慈	955
ci	雌	920
ci	茨	885
cong	从	1200
cong	聪	1165
cong	丛	1130
cong	葱	1095
cong	匆	1060
cong	琮	1025
cou	凑	1200
cou	辏	1165
cou	楱	1130
cou	腠	1095
cu	粗	1200
cu	促	1165
cu	醋	1130
cu	簇	1095
cu	猝	1060
cu	蹴	1025
cuan	窜	1200
cuan	篡	1165
cuan	蹿	1130
cuan	攒	1095
cuan	汆	1060
cuan	爨	1025
cui	催	1200
cui	脆	1165
cui	翠	1130
cui	崔	1095
cui	摧	1060
cui	淬	1025
cui	粹	990
cui	萃	955
cun	村	1200
cun	存	1165
cun	寸	1130
cun	忖	1095
cun	皴	1060
cuo	错	1200
cuo	挫	1165
cuo	措	1130
cuo	搓	1095
cuo	撮	1060
cuo	磋	1025
cuo	蹉	990
da	大	1200
da	打	1165
da	达	1130
da	答	1095
da	搭	1060
da	瘩	1025
da	哒	990
da	沓	955
da	耷	920
da	笪	885
dai	带	1200
dai	待	1165
dai	代	1130
dai	大	1095
dai	呆	1060
dai	袋	1025
dai	戴	990
dai	贷	955
dai	逮	920
dai	怠	885
dan	但	1200
dan	单	1165
dan	淡	1130
dan	蛋	1095
dan	弹	1060
dan	担	1025
dan	胆	990
dan	旦	955
dan	诞	920
dan	惮	885
dang	当	1200
dang	党	1165
dang	档	1130
dang	挡	1095
dang	荡	1060
dang	宕	1025
dang	砀	990
dang	菪	955
dao	到	1200
dao	道	1165
dao	刀	1130
dao	倒	1095
dao	导	1060
dao	岛	1025
dao	盗	990
dao	悼	955
dao	稻	920
dao	捣	885
daohang	导航	780
de	的	1200
de	得	1165
de	德	1130
de	地	1095
deng	等	1200
deng	灯	1165
deng	登	1130
deng	邓	1095
deng	凳	1060
deng	瞪	1025
deng	蹬	990
deng	磴	955
denglu	登录	860
di	地	1200
di	的	1165
di	低	1130
di	底	1095
di	第	1060
di	敌	1025
di	帝	990
di	弟	955
di	递	920
di	抵	885
dian	点	1200
dian	电	1165
dian	店	1130
dian	典	1095
dian	颠	1060
dian	垫	1025
dian	殿	990
dian	淀	955
dian	碘	920
dian	惦	885
dianhua	电话	820
diao	掉	1200
diao	调	1165
diao	钓	1130
diao	吊	1095
diao	雕	1060
diao	刁	1025
diao	貂	990
diao	凋	955
diao	碉	920
diao	叼	885
die	跌	1200
die	叠	1165
die	蝶	1130
die	爹	1095
die	谍	1060
die	碟	1025
die	迭	990
die	牒	955
die	喋	920
die	瓞	885
ding	定	1200
ding	顶	1165
ding	订	1130
ding	丁	1095
ding	盯	1060
ding	钉	1025
ding	鼎	990
ding	叮	955
ding	锭	920
ding	町	885
dingdan	订单	830
ditu	地图	760
diu	丢	1200
diu	铥	1165
dong	动	1200
dong	东	1165
dong	懂	1130
dong	冬	1095
dong	洞	1060
dong	冻	1025
dong	董	990
dong	栋	955
dong	侗	920
dong	峒	885
dou	都	1200
dou	斗	1165
dou	豆	1130
dou	逗	1095
dou	抖	1060
dou	陡	1025
dou	兜	990
dou	蚪	955
dou	痘	920
dou	窦	885
du	都	1200
du	读	1165
du	度	1130
du	独	1095
du	毒	1060
du	堵	1025
du	杜	990
du	渡	955
du	肚	920
du	妒	885
duan	段	1200
duan	短	1165
duan	断	1130
duan	端	1095
duan	锻	1060
duan	缎	1025
duan	椴	990
duan	煅	955
duanxin	短信	790
dui	对	1200
dui	队	1165
dui	堆	1130
dui	兑	1095
dui	敦	1060
dui	碓	1025
dui	镦	990
dui	怼	955
duibuqi	对不起	930
dun	顿	1200
dun	吨	1165
dun	蹲	1130
dun	敦	1095
dun	墩	1060
dun	盾	1025
dun	钝	990
dun	遁	955
dun	沌	920
dun	囤	885
duo	多	1200
duo	朵	1165
duo	躲	1130
duo	夺	1095
duo	剁	1060
duo	堕	1025
duo	舵	990
duo	惰	955
duo	垛	920
duo	跺	885
e	额	1200
e	恶	1165
e	饿	1130
e	俄	1095
e	鹅	1060
e	蛾	1025
e	峨	990
e	娥	955
e	扼	920
e	遏	885
en	恩	1200
en	嗯	1165
er	二	1200
er	而	1165
er	耳	1130
er	儿	1095
er	尔	1060
er	饵	1025
er	洱	990
er	迩	955
er	贰	920
er	珥	885
fa	发	1200
fa	法	1165
fa	罚	1130
fa	乏	1095
fa	伐	1060
fa	阀	1025
fa	筏	990
fa	珐	955
fan	反	1200
fan	饭	1165
fan	翻	1130
fan	番	1095
fan	烦	1060
fan	凡	1025
fan	犯	990
fan	范	955
fan	繁	920
fan	帆	885
fang	方	1200
fang	放	1165
fang	房	1130
fang	防	1095
fang	访	1060
fang	仿	1025
fang	芳	990
fang	妨	955
fang	纺	920
fang	坊	885
fangbian	方便	800
fanyi	翻译	840
fasong	发送	900
fei	非	1200
fei	飞	1165
fei	费	1130
fei	肥	1095
fei	废	1060
fei	肺	1025
fei	菲	990
fei	匪	955
fei	沸	920
fei	诽	885
fen	分	1200
fen	份	1165
fen	粉	1130
fen	奋	1095
fen	愤	1060
fen	纷	1025
fen	坟	990
fen	焚	955
fen	芬	920
fen	酚	885
feng	风	1200
feng	封	1165
feng	丰	1130
feng	疯	1095
feng	峰	1060
feng	蜂	1025
feng	锋	990
feng	逢	955
feng	冯	920
feng	凤	885
fo	佛	1200
fou	否	1200
fou	缶	1165
fu	父	1200
fu	夫	1165
fu	服	1130
fu	福	1095
fu	副	1060
fu	富	1025
fu	负	990
fu	复	955
fu	付	920
fu	府	885
fuzhi	复制	820
ga	噶	1200
ga	嘎	1165
ga	尬	1130
ga	伽	1095
gai	该	1200
gai	改	1165
gai	盖	1130
gai	概	1095
gai	钙	1060
gai	丐	1025
gai	芥	990
gai	溉	955
gan	干	1200
gan	感	1165
gan	敢	1130
gan	赶	1095
gan	甘	1060
gan	杆	1025
gan	肝	990
gan	柑	955
gan	竿	920
gan	尴	885
gang	刚	1200
gang	钢	1165
gang	港	1130
gang	岗	1095
gang	缸	1060
gang	杠	1025
gang	纲	990
gang	冈	955
gang	肛	920
gang	罡	885
ganxie	感谢	880
gao	高	1200
gao	搞	1165
gao	告	1130
gao	稿	1095
gao	糕	1060
gao	膏	1025
gao	篙	990
gao	皋	955
gao	羔	920
gao	镐	885
gaoxing	高兴	880
ge	个	1200
ge	各	1165
ge	歌	1130
ge	格	1095
ge	哥	1060
ge	隔	1025
ge	革	990
ge	割	955
ge	阁	920
ge	戈	885
gei	给	1200
gen	根	1200
gen	跟	1165
gen	亘	1130
gen	艮	1095
gen	茛	1060
geng	更	1200
geng	耕	1165
geng	庚	1130
geng	羹	1095
geng	梗	1060
geng	哽	1025
geng	颈	990
geng	埂	955
gengxin	更新	790
gong	工	1200
gong	公	1165
gong	共	1130
gong	功	1095
gong	供	1060
gong	攻	1025
gong	宫	990
gong	弓	955
gong	恭	920
gong	贡	885
gongsi	公司	800
gongzuo	工作	920
gou	够	1200
gou	狗	1165
gou	构	1130
gou	购	1095
gou	沟	1060
gou	钩	1025
gou	勾	990
gou	苟	955
gou	垢	920
gou	篝	885
gu	古	1200
gu	故	1165
gu	顾	1130
gu	鼓	1095
gu	股	1060
gu	骨	1025
gu	谷	990
gu	估	955
gu	姑	920
gu	孤	885
gua	瓜	1200
gua	刮	1165
gua	挂	1130
gua	寡	1095
gua	卦	1060
gua	褂	1025
gua	呱	990
gua	剐	955
guai	怪	1200
guai	乖	1165
guai	拐	1130
guai	掴	1095
guan	关	1200
guan	管	1165
guan	观	1130
guan	官	1095
guan	馆	1060
guan	惯	1025
guan	贯	990
guan	冠	955
guan	灌	920
guan	罐	885
guang	光	1200
guang	广	1165
guang	逛	1130
guang	咣	1095
guang	桄	1060
guang	犷	1025
guang	胱	990
guangzhou	广州	860
gui	贵	1200
gui	归	1165
gui	鬼	1130
gui	规	1095
gui	轨	1060
gui	柜	1025
gui	桂	990
gui	硅	955
gui	瑰	920
gui	龟	885
gun	滚	1200
gun	棍	1165
gun	辊	1130
gun	衮	1095
gun	磙	1060
gun	鲧	1025
guo	过	1200
guo	国	1165
guo	果	1130
guo	锅	1095
guo	裹	1060
guo	郭	1025
guo	涡	990
guo	帼	955
guo	虢	920
guo	馘	885
ha	哈	1200
ha	蛤	1165
ha	铪	1130
hai	还	1200
hai	海	1165
hai	害	1130
hai	孩	1095
hai	嗨	1060
hai	咳	1025
hai	骇	990
hai	亥	955
hai	氦	920
hai	骸	885
han	汉	1200
han	韩	1165
han	含	1130
han	喊	1095
han	寒	1060
han	汗	1025
han	函	990
han	翰	955
han	旱	920
han	憾	885
hang	行	1200
hang	航	1165
hang	杭	1130
hang	巷	1095
hang	夯	1060
hang	吭	1025
hang	沆	990
hang	绗	955
hao	好	1200
hao	号	1165
hao	浩	1130
hao	豪	1095
hao	耗	1060
hao	毫	1025
hao	郝	990
hao	壕	955
hao	嚎	920
hao	皓	885
haochi	好吃	860
haode	好的	1000
haowan	好玩	840
he	和	1200
he	河	1165
he	何	1130
he	合	1095
he	喝	1060
he	贺	1025
he	核	990
he	荷	955
he	盒	920
he	禾	885
hei	黑	1200
hei	嘿	1165
hei	嗨	1130
hen	很	1200
hen	恨	1165
hen	狠	1130
hen	痕	1095
hen	亨	1060
heng	横	1200
heng	恒	1165
heng	衡	1130
heng	亨	1095
heng	哼	1060
heng	蘅	1025
heng	珩	990
hetong	合同	760
hong	红	1200
hong	洪	1165
hong	宏	1130
hong	虹	1095
hong	鸿	1060
hong	哄	1025
hong	烘	990
hong	弘	955
hong	轰	920
hong	泓	885
hou	后	1200
hou	候	1165
hou	厚	1130
hou	侯	1095
hou	猴	1060
hou	喉	1025
hou	吼	990
hou	堠	955
hou	篌	920
hou	糇	885
hu	胡	1200
hu	湖	1165
hu	户	1130
hu	护	1095
hu	互	1060
hu	呼	1025
hu	虎	990
hu	忽	955
hu	乎	920
hu	壶	885
hua	话	1200
hua	花	1165
hua	华	1130
hua	化	1095
hua	画	1060
hua	划	1025
hua	滑	990
hua	哗	955
hua	猾	920
hua	铧	885
huai	坏	1200
huai	怀	1165
huai	淮	1130
huai	槐	1095
huai	徊	1060
huai	踝	1025
huan	还	1200
huan	换	1165
huan	欢	1130
huan	环	1095
huan	缓	1060
huan	患	1025
huan	幻	990
huan	唤	955
huan	焕	920
huan	宦	885
huang	黄	1200
huang	皇	1165
huang	荒	1130
huang	慌	1095
huang	煌	1060
huang	晃	1025
huang	凰	990
huang	惶	955
huang	恍	920
huang	簧	885
hui	会	1200
hui	回	1165
hui	汇	1130
hui	灰	1095
hui	辉	1060
hui	悔	1025
hui	惠	990
hui	毁	955
hui	慧	920
hui	挥	885
huiyi	会议	820
hun	混	1200
hun	昏	1165
hun	婚	1130
hun	魂	1095
hun	浑	1060
hun	荤	1025
hun	馄	990
hun	诨	955
hun	溷	920
hun	阍	885
huo	活	1200
huo	火	1165
huo	或	1130
huo	货	1095
huo	获	1060
huo	祸	1025
huo	惑	990
huo	霍	955
huo	豁	920
huo	伙	885
ji	几	1200
ji	机	1165
ji	及	1130
ji	基	1095
ji	即	1060
ji	己	1025
ji	级	990
ji	极	955
ji	记	920
ji	济	885
jia	家	1200
jia	加	1165
jia	假	1130
jia	价	1095
jia	驾	1060
jia	嘉	1025
jia	甲	990
jia	佳	955
jia	架	920
jia	夹	885
jiage	价格	820
jian	见	1200
jian	间	1165
jian	建	1130
jian	件	1095
jian	简	1060
jian	健	1025
jian	检	990
jian	减	955
jian	剑	920
jian	肩	885
jiang	将	1200
jiang	江	1165
jiang	讲	1130
jiang	降	1095
jiang	奖	1060
jiang	姜	1025
jiang	酱	990
jiang	浆	955
jiang	僵	920
jiang	疆	885
jiao	叫	1200
jiao	教	1165
jiao	交	1130
jiao	角	1095
jiao	脚	1060
jiao	较	1025
jiao	觉	990
jiao	焦	955
jiao	胶	920
jiao	骄	885
jiating	家庭	840
jie	接	1200
jie	结	1165
jie	节	1130
jie	解	1095
jie	界	1060
jie	姐	1025
jie	街	990
jie	借	955
jie	介	920
jie	届	885
jieshou	接收	790
jieshu	结束	820
jihua	计划	790
jin	进	1200
jin	近	1165
jin	今	1130
jin	金	1095
jin	仅	1060
jin	紧	1025
jin	尽	990
jin	禁	955
jin	锦	920
jin	斤	885
jing	经	1200
jing	京	1165
jing	精	1130
jing	静	1095
jing	景	1060
jing	境	1025
jing	竞	990
jing	净	955
jing	惊	920
jing	井	885
jintian	今天	920
jiong	窘	1200
jiong	炯	1165
jiong	迥	1130
jiong	扃	1095
jiong	炅	1060
jipiao	机票	850
jiu	就	1200
jiu	九	1165
jiu	久	1130
jiu	旧	1095
jiu	酒	1060
jiu	救	1025
jiu	究	990
jiu	纠	955
jiu	揪	920
jiu	韭	885
jiudian	酒店	850
jixu	继续	820
ju	局	1200
ju	举	1165
ju	具	1130
ju	句	1095
ju	据	1060
ju	居	1025
ju	巨	990
ju	剧	955
ju	聚	920
ju	距	885
juan	卷	1200
juan	捐	1165
juan	娟	1130
juan	倦	1095
juan	绢	1060
juan	眷	1025
juan	鹃	990
juan	镌	955
juan	蠲	920
juan	隽	885
jue	觉	1200
jue	决	1165
jue	绝	1130
jue	角	1095
jue	脚	1060
jue	掘	1025
jue	爵	990
jue	诀	955
jue	崛	920
jue	倔	885
jueding	决定	780
jun	军	1200
jun	君	1165
jun	均	1130
jun	俊	1095
jun	菌	1060
jun	峻	1025
jun	骏	990
jun	竣	955
jun	郡	920
jun	筠	885
ka	卡	1200
ka	咖	1165
ka	喀	1130
ka	咔	1095
ka	佧	1060
ka	胩	1025
kai	开	1200
kai	凯	1165
kai	慨	1130
kai	楷	1095
kai	揩	1060
kai	锴	1025
kai	铠	990
kai	剀	955
kai	垲	920
kaishi	开始	840
kaixin	开心	900
kan	看	1200
kan	砍	1165
kan	刊	1130
kan	坎	1095
kan	堪	1060
kan	勘	1025
kan	侃	990
kan	龛	955
kan	瞰	920
kan	阚	885
kang	康	1200
kang	抗	1165
kang	扛	1130
kang	炕	1095
kang	慷	1060
kang	糠	1025
kang	亢	990
kang	伉	955
kang	闶	920
kao	考	1200
kao	靠	1165
kao	烤	1130
kao	拷	1095
kao	栲	1060
kao	犒	1025
kao	铐	990
kao	尻	955
ke	可	1200
ke	克	1165
ke	客	1130
ke	科	1095
ke	课	1060
ke	刻	1025
ke	颗	990
ke	壳	955
ke	渴	920
ke	棵	885
ken	肯	1200
ken	啃	1165
ken	垦	1130
ken	恳	1095
ken	龈	1060
ken	裉	1025
keng	坑	1200
keng	吭	1165
keng	铿	1130
keng	硁	1095
keyi	可以	920
kong	空	1200
kong	孔	1165
kong	恐	1130
kong	控	1095
kong	崆	1060
kong	倥	1025
kong	箜	990
kou	口	1200
kou	扣	1165
kou	抠	1130
kou	叩	1095
kou	寇	1060
kou	蔻	1025
kou	芤	990
kou	眍	955
ku	苦	1200
ku	哭	1165
ku	库	1130
ku	酷	1095
ku	枯	1060
ku	裤	1025
ku	窟	990
ku	骷	955
ku	刳	920
ku	堀	885
kua	跨	1200
kua	夸	1165
kua	垮	1130
kua	挎	1095
kua	胯	1060
kua	侉	1025
kuai	快	1200
kuai	块	1165
kuai	会	1130
kuai	筷	1095
kuai	蒯	1060
kuai	脍	1025
kuai	侩	990
kuai	郐	955
kuaidi	快递	830
kuan	宽	1200
kuan	款	1165
kuan	髋	1130
kuang	况	1200
kuang	狂	1165
kuang	框	1130
kuang	矿	1095
kuang	旷	1060
kuang	眶	1025
kuang	匡	990
kuang	筐	955
kuang	诳	920
kuang	哐	885
kui	亏	1200
kui	奎	1165
kui	愧	1130
kui	溃	1095
kui	魁	1060
kui	葵	1025
kui	窥	990
kui	馈	955
kui	盔	920
kui	傀	885
kun	困	1200
kun	昆	1165
kun	捆	1130
kun	坤	1095
kun	鲲	1060
kun	琨	1025
kun	锟	990
kun	髡	955
kun	阃	920
kun	悃	885
kuo	扩	1200
kuo	括	1165
kuo	阔	1130
kuo	廓	1095
kuo	蛞	1060
kuo	适	1025
la	拉	1200
la	啦	1165
la	辣	1130
la	蜡	1095
la	腊	1060
la	垃	1025
la	喇	990
la	剌	955
la	邋	920
la	瘌	885
lai	来	1200
lai	赖	1165
lai	莱	1130
lai	睐	1095
lai	徕	1060
lai	籁	1025
lai	癞	990
lai	崃	955
lai	涞	920
lai	赉	885
lan	兰	1200
lan	蓝	1165
lan	烂	1130
lan	拦	1095
lan	懒	1060
lan	栏	1025
lan	览	990
lan	篮	955
lan	澜	920
lan	岚	885
lang	浪	1200
lang	郎	1165
lang	狼	1130
lang	朗	1095
lang	廊	1060
lang	琅	1025
lang	榔	990
lang	螂	955
lang	莨	920
lang	稂	885
lao	老	1200
lao	劳	1165
lao	牢	1130
lao	捞	1095
lao	佬	1060
lao	姥	1025
lao	涝	990
lao	烙	955
lao	酪	920
lao	络	885
le	了	1200
le	乐	1165
le	勒	1130
le	肋	1095
le	仂	1060
le	叻	1025
le	泐	990
le	鳓	955
lei	类	1200
lei	雷	1165
lei	累	1130
lei	泪	1095
lei	蕾	1060
lei	磊	1025
lei	垒	990
lei	肋	955
lei	儡	920
lei	擂	885
leng	冷	1200
leng	愣	1165
leng	棱	1130
leng	楞	1095
leng	塄	1060
li	里	1200
li	理	1165
li	力	1130
li	李	1095
li	立	1060
li	利	1025
li	离	990
li	历	955
li	例	920
li	礼	885
lia	俩	1200
lian	连	1200
lian	联	1165
lian	脸	1130
lian	练	1095
lian	莲	1060
lian	恋	1025
lian	帘	990
lian	链	955
lian	廉	920
lian	怜	885
liang	两	1200
liang	量	1165
liang	亮	1130
liang	良	1095
liang	凉	1060
liang	粮	1025
liang	梁	990
liang	辆	955
liang	晾	920
liang	踉	885
lianjie	连接	820
lianxi	联系	830
liao	了	1200
liao	料	1165
liao	聊	1130
liao	疗	1095
liao	辽	1060
liao	廖	1025
liao	撩	990
liao	燎	955
liao	潦	920
liao	缭	885
lie	列	1200
lie	烈	1165
lie	裂	1130
lie	猎	1095
lie	劣	1060
lie	咧	1025
lie	趔	990
lie	冽	955
lie	鬣	920
lie	埒	885
lin	林	1200
lin	临	1165
lin	邻	1130
lin	淋	1095
lin	琳	1060
lin	霖	1025
lin	鳞	990
lin	凛	955
lin	吝	920
lin	赁	885
ling	领	1200
ling	另	1165
ling	零	1130
ling	令	1095
ling	灵	1060
ling	岭	1025
ling	铃	990
ling	玲	955
ling	凌	920
ling	陵	885
liu	六	1200
liu	流	1165
liu	留	1130
liu	刘	1095
liu	溜	1060
liu	柳	1025
liu	硫	990
liu	瘤	955
liu	榴	920
liu	琉	885
long	龙	1200
long	弄	1165
long	笼	1130
long	隆	1095
long	拢	1060
long	聋	1025
long	垄	990
long	窿	955
long	珑	920
long	陇	885
lou	楼	1200
lou	漏	1165
lou	露	1130
lou	搂	1095
lou	篓	1060
lou	陋	1025
lou	娄	990
lou	髅	955
lou	嵝	920
lou	蒌	885
lu	路	1200
lu	录	1165
lu	陆	1130
lu	卢	1095
lu	鲁	1060
lu	露	1025
lu	炉	990
lu	庐	955
lu	芦	920
lu	颅	885
luan	乱	1200
luan	卵	1165
luan	峦	1130
luan	挛	1095
luan	栾	1060
luan	銮	1025
luan	鸾	990
luan	孪	955
luan	滦	920
luan	娈	885
lue	略	1200
lue	掠	1165
lue	锊	1130
lun	论	1200
lun	轮	1165
lun	伦	1130
lun	仑	1095
lun	沦	1060
lun	纶	1025
lun	抡	990
luo	落	1200
luo	罗	1165
luo	络	1130
luo	洛	1095
luo	骆	1060
luo	螺	1025
luo	裸	990
luo	锣	955
luo	箩	920
luo	萝	885
lv	绿	1200
lv	率	1165
lv	律	1130
lv	旅	1095
lv	虑	1060
lv	滤	1025
lv	吕	990
lv	履	955
lv	铝	920
lv	缕	885
lvyou	旅游	860
ma	吗	1200
ma	妈	1165
ma	马	1130
ma	嘛	1095
ma	麻	1060
ma	骂	1025
ma	码	990
ma	玛	955
ma	蚂	920
ma	蟆	885
mafan	麻烦	820
mai	买	1200
mai	卖	1165
mai	麦	1130
mai	迈	1095
mai	埋	1060
mai	脉	1025
mai	霾	990
mai	荬	955
man	满	1200
man	慢	1165
man	漫	1130
man	蛮	1095
man	瞒	1060
man	曼	1025
man	蔓	990
man	馒	955
man	谩	920
man	鳗	885
mang	忙	1200
mang	芒	1165
mang	盲	1130
mang	茫	1095
mang	氓	1060
mang	莽	1025
mang	硭	990
mang	邙	955
mang	蟒	920
mao	毛	1200
mao	猫	1165
mao	冒	1130
mao	帽	1095
mao	貌	1060
mao	茅	1025
mao	矛	990
mao	茂	955
mao	卯	920
mao	铆	885
me	么	1200
me	麽	1165
mei	没	1200
mei	美	1165
mei	每	1130
mei	妹	1095
mei	梅	1060
mei	煤	1025
mei	枚	990
mei	眉	955
mei	媒	920
mei	霉	885
meiguanxi	没关系	900
men	们	1200
men	门	1165
men	闷	1130
men	扪	1095
men	懑	1060
men	焖	1025
men	钔	990
meng	梦	1200
meng	猛	1165
meng	蒙	1130
meng	孟	1095
meng	萌	1060
meng	盟	1025
meng	朦	990
meng	檬	955
meng	锰	920
meng	懵	885
mi	米	1200
mi	迷	1165
mi	密	1130
mi	秘	1095
mi	蜜	1060
mi	弥	1025
mi	眯	990
mi	谜	955
mi	觅	920
mi	泌	885
mian	面	1200
mian	棉	1165
mian	免	1130
mian	眠	1095
mian	绵	1060
mian	缅	1025
mian	勉	990
mian	冕	955
mian	娩	920
mian	腼	885
miao	秒	1200
miao	庙	1165
miao	苗	1130
miao	描	1095
miao	妙	1060
miao	瞄	1025
miao	渺	990
miao	淼	955
miao	藐	920
miao	邈	885
mie	灭	1200
mie	蔑	1165
mie	咩	1130
mie	篾	1095
mie	蠛	1060
mima	密码	820
min	民	1200
min	敏	1165
min	闽	1130
min	皿	1095
min	悯	1060
min	珉	1025
min	抿	990
min	缗	955
min	玟	920
min	岷	885
ming	名	1200
ming	明	1165
ming	命	1130
ming	鸣	1095
ming	铭	1060
ming	冥	1025
ming	茗	990
ming	溟	955
ming	暝	920
ming	螟	885
mingtian	明天	900
miu	谬	1200
miu	缪	1165
mo	没	1200
mo	莫	1165
mo	末	1130
mo	模	1095
mo	磨	1060
mo	摸	1025
mo	墨	990
mo	默	955
mo	魔	920
mo	抹	885
mou	某	1200
mou	谋	1165
mou	牟	1130
mou	眸	1095
mou	缪	1060
mou	蛑	1025
mou	侔	990
mou	哞	955
mou	鍪	920
mu	目	1200
mu	母	1165
mu	木	1130
mu	亩	1095
mu	墓	1060
mu	牧	1025
mu	幕	990
mu	慕	955
mu	穆	920
mu	募	885
mubiao	目标	780
na	那	1200
na	拿	1165
na	哪	1130
na	呐	1095
na	纳	1060
na	娜	1025
na	捺	990
na	钠	955
na	镎	920
na	衲	885
nai	奶	1200
nai	乃	1165
nai	耐	1130
nai	奈	1095
nai	氖	1060
nai	萘	1025
nai	鼐	990
nan	南	1200
nan	难	1165
nan	男	1130
nan	楠	1095
nan	喃	1060
nan	腩	1025
nan	蝻	990
nan	赧	955
nang	囊	1200
nang	馕	1165
nang	攮	1130
nang	囔	1095
nanguo	难过	760
nao	脑	1200
nao	闹	1165
nao	恼	1130
nao	挠	1095
nao	淖	1060
nao	孬	1025
nao	瑙	990
nao	垴	955
nao	铙	920
nao	蛲	885
ne	呢	1200
ne	哪	1165
ne	讷	1130
nei	内	1200
nei	馁	1165
nen	嫩	1200
nen	恁	1165
neng	能	1200
ni	你	1200
ni	泥	1165
ni	尼	1130
ni	呢	1095
ni	逆	1060
ni	拟	1025
ni	腻	990
ni	匿	955
ni	霓	920
ni	溺	885
nian	年	1200
nian	念	1165
nian	娘	1130
nian	酿	1095
nian	碾	1060
nian	撵	1025
nian	粘	990
nian	蔫	955
nian	鲶	920
nian	黏	885
niang	娘	1200
niang	酿	1165
niao	鸟	1200
niao	尿	1165
niao	茑	1130
niao	嬲	1095
niao	袅	1060
niao	脲	1025
nie	捏	1200
nie	涅	1165
nie	聂	1130
nie	镊	1095
nie	啮	1060
nie	蹑	1025
nie	嗫	990
nie	镍	955
nie	孽	920
nie	臬	885
nihao	你好	1200
nimen	你们	860
nin	您	1200
ning	宁	1200
ning	拧	1165
ning	凝	1130
ning	柠	1095
ning	狞	1060
ning	泞	1025
ning	甯	990
ning	佞	955
niu	牛	1200
niu	扭	1165
niu	纽	1130
niu	钮	1095
niu	妞	1060
niu	忸	1025
niu	狃	990
nong	农	1200
nong	弄	1165
nong	浓	1130
nong	脓	1095
nong	侬	1060
nong	哝	1025
nu	女	1200
nu	努	1165
nu	怒	1130
nu	奴	1095
nu	孥	1060
nu	驽	1025
nu	弩	990
nu	胬	955
nuan	暖	1200
nue	虐	1200
nue	疟	1165
nuo	诺	1200
nuo	挪	1165
nuo	懦	1130
nuo	糯	1095
nuo	傩	1060
nuo	搦	1025
nuo	锘	990
nv	女	1200
o	哦	1200
o	噢	1165
o	喔	1130
ou	欧	1200
ou	偶	1165
ou	呕	1130
ou	鸥	1095
ou	殴	1060
ou	藕	1025
ou	沤	990
ou	讴	955
ou	怄	920
ou	瓯	885
pa	怕	1200
pa	爬	1165
pa	帕	1130
pa	趴	1095
pa	扒	1060
pa	啪	1025
pa	琶	990
pa	杷	955
pa	筢	920
pai	排	1200
pai	派	1165
pai	拍	1130
pai	牌	1095
pai	徘	1060
pai	湃	1025
pai	俳	990
pai	蒎	955
pan	盘	1200
pan	判	1165
pan	盼	1130
pan	攀	1095
pan	畔	1060
pan	潘	1025
pan	叛	990
pan	磐	955
pan	蟠	920
pan	胖	885
pang	旁	1200
pang	胖	1165
pang	庞	1130
pang	膀	1095
pang	磅	1060
pang	螃	1025
pang	彷	990
pang	滂	955
pang	逄	920
pang	耪	885
pao	跑	1200
pao	炮	1165
pao	泡	1130
pao	抛	1095
pao	刨	1060
pao	袍	1025
pao	咆	990
pao	庖	955
pao	狍	920
pao	匏	885
pei	配	1200
pei	陪	1165
pei	赔	1130
pei	培	1095
pei	佩	1060
pei	裴	1025
pei	沛	990
pei	胚	955
pei	呸	920
pei	醅	885
pen	盆	1200
pen	喷	1165
pen	湓	1130
peng	朋	1200
peng	碰	1165
peng	捧	1130
peng	蓬	1095
peng	彭	1060
peng	烹	1025
peng	膨	990
peng	棚	955
peng	篷	920
peng	澎	885
pengyou	朋友	930
pi	批	1200
pi	皮	1165
pi	脾	1130
pi	疲	1095
pi	匹	1060
pi	屁	1025
pi	辟	990
pi	劈	955
pi	啤	920
pi	僻	885
pian	片	1200
pian	骗	1165
pian	偏	1130
pian	篇	1095
pian	便	1060
pian	翩	1025
pian	谝	990
pian	胼	955
pian	蹁	920
pian	骈	885
piao	票	1200
piao	漂	1165
piao	飘	1130
piao	瓢	1095
piao	嫖	1060
piao	剽	1025
piao	螵	990
piao	缥	955
piao	殍	920
piao	瞟	885
pie	撇	1200
pie	瞥	1165
pie	丿	1130
pie	苤	1095
pie	氕	1060
pin	品	1200
pin	贫	1165
pin	拼	1130
pin	聘	1095
pin	频	1060
pin	姘	1025
pin	嫔	990
pin	榀	955
pin	牝	920
pin	颦	885
ping	平	1200
ping	评	1165
ping	凭	1130
ping	瓶	1095
ping	苹	1060
ping	萍	1025
ping	屏	990
ping	乒	955
ping	坪	920
ping	娉	885
pingjia	评价	780
pinyin	拼音	900
po	破	1200
po	迫	1165
po	颇	1130
po	坡	1095
po	泼	1060
po	婆	1025
po	魄	990
po	粕	955
po	鄱	920
po	叵	885
pou	剖	1200
pou	裒	1165
pou	掊	1130
pu	普	1200
pu	铺	1165
pu	朴	1130
pu	葡	1095
pu	蒲	1060
pu	扑	1025
pu	浦	990
pu	谱	955
pu	仆	920
pu	埔	885
qi	起	1200
qi	其	1165
qi	气	1130
qi	七	1095
qi	期	1060
qi	奇	1025
qi	器	990
qi	企	955
qi	齐	920
qi	启	885
qia	恰	1200
qia	掐	1165
qia	洽	1130
qia	卡	1095
qia	葜	1060
qian	前	1200
qian	千	1165
qian	钱	1130
qian	签	1095
qian	浅	1060
qian	欠	1025
qian	潜	990
qian	迁	955
qian	牵	920
qian	遣	885
qianbao	钱包	760
qiang	强	1200
qiang	枪	1165
qiang	抢	1130
qiang	墙	1095
qiang	腔	1060
qiang	羌	1025
qiang	蔷	990
qiang	呛	955
qiang	戕	920
qiang	锵	885
qiao	桥	1200
qiao	敲	1165
qiao	巧	1130
qiao	悄	1095
qiao	瞧	1060
qiao	翘	1025
qiao	乔	990
qiao	侨	955
qiao	窍	920
qiao	俏	885
qie	切	1200
qie	且	1165
qie	窃	1130
qie	妾	1095
qie	怯	1060
qie	茄	1025
qie	趄	990
qie	惬	955
qie	锲	920
qie	箧	885
qin	亲	1200
qin	勤	1165
qin	琴	1130
qin	秦	1095
qin	侵	1060
qin	禽	1025
qin	寝	990
qin	擒	955
qin	芹	920
qin	沁	885
qing	请	1200
qing	清	1165
qing	情	1130
qing	轻	1095
qing	青	1060
qing	庆	1025
qing	倾	990
qing	晴	955
qing	卿	920
qing	顷	885
qingdengyixia	请等一下	840
qingwen	请问	960
qiong	穷	1200
qiong	琼	1165
qiong	穹	1130
qiong	茕	1095
qiong	蛩	1060
qiong	跫	1025
qiong	邛	990
qiong	筇	955
qiu	求	1200
qiu	球	1165
qiu	秋	1130
qiu	丘	1095
qiu	囚	1060
qiu	酋	1025
qiu	裘	990
qiu	蚯	955
qiu	泅	920
qiu	楸	885
qu	去	1200
qu	取	1165
qu	区	1130
qu	曲	1095
qu	趣	1060
qu	娶	1025
qu	驱	990
qu	渠	955
qu	屈	920
qu	躯	885
quan	全	1200
quan	权	1165
quan	泉	1130
quan	圈	1095
quan	拳	1060
quan	犬	1025
quan	劝	990
quan	颧	955
quan	诠	920
quan	荃	885
que	却	1200
que	确	1165
que	缺	1130
que	雀	1095
que	鹊	1060
que	瘸	1025
que	榷	990
que	阙	955
que	炔	920
que	阕	885
queren	确认	880
qun	群	1200
qun	裙	1165
qun	逡	1130
qun	麇	1095
quxiao	取消	850
ran	然	1200
ran	染	1165
ran	燃	1130
ran	冉	1095
ran	苒	1060
ran	髯	1025
rang	让	1200
rang	嚷	1165
rang	壤	1130
rang	攘	1095
rang	瓤	1060
rang	禳	1025
rao	绕	1200
rao	扰	1165
rao	饶	1130
rao	娆	1095
rao	桡	1060
rao	荛	1025
re	热	1200
re	惹	1165
re	喏	1130
ren	人	1200
ren	任	1165
ren	认	1130
ren	仁	1095
ren	忍	1060
ren	刃	1025
ren	韧	990
ren	壬	955
ren	荏	920
ren	稔	885
reng	仍	1200
reng	扔	1165
renmin	人民	860
renwu	任务	820
ri	日	1200
rili	日历	760
rong	容	1200
rong	融	1165
rong	荣	1130
rong	溶	1095
rong	蓉	1060
rong	绒	1025
rong	熔	990
rong	戎	955
rong	茸	920
rong	冗	885
rou	肉	1200
rou	柔	1165
rou	揉	1130
rou	蹂	1095
rou	鞣	1060
rou	糅	1025
ru	如	1200
ru	入	1165
ru	儒	1130
ru	乳	1095
ru	辱	1060
ru	汝	1025
ru	茹	990
ru	蠕	955
ru	孺	920
ru	嚅	885
ruan	软	1200
ruan	阮	1165
ruan	朊	1130
rui	瑞	1200
rui	锐	1165
rui	蕊	1130
rui	睿	1095
rui	芮	1060
rui	枘	1025
rui	蚋	990
run	润	1200
run	闰	1165
run	蝾	1130
ruo	若	1200
ruo	弱	1165
ruo	偌	1130
ruo	箬	1095
sa	洒	1200
sa	撒	1165
sa	萨	1130
sa	飒	1095
sa	卅	1060
sa	仨	1025
sai	赛	1200
sai	塞	1165
sai	腮	1130
sai	鳃	1095
sai	噻	1060
san	三	1200
san	散	1165
san	伞	1130
san	叁	1095
san	馓	1060
san	毵	1025
sang	桑	1200
sang	丧	1165
sang	嗓	1130
sang	搡	1095
sang	磉	1060
sang	颡	1025
sao	扫	1200
sao	嫂	1165
sao	骚	1130
sao	搔	1095
sao	臊	1060
sao	缫	1025
sao	瘙	990
sao	鳋	955
se	色	1200
se	涩	1165
se	塞	1130
se	瑟	1095
se	啬	1060
se	铯	1025
se	穑	990
sen	森	1200
seng	僧	1200
sha	杀	1200
sha	沙	1165
sha	啥	1130
sha	傻	1095
sha	纱	1060
sha	刹	1025
sha	砂	990
sha	厦	955
sha	煞	920
sha	鲨	885
shai	晒	1200
shai	筛	1165
shai	色	1130
shan	山	1200
shan	善	1165
shan	闪	1130
shan	衫	1095
shan	扇	1060
shan	删	1025
shan	擅	990
shan	珊	955
shan	煽	920
shan	陕	885
shanchu	删除	790
shang	上	1200
shang	商	1165
shang	伤	1130
shang	尚	1095
shang	赏	1060
shang	裳	1025
shang	晌	990
shang	墒	955
shang	殇	920
shang	熵	885
shanghai	上海	980
shangpin	商品	790
shao	少	1200
shao	绍	1165
shao	烧	1130
shao	稍	1095
shao	召	1060
shao	勺	1025
shao	哨	990
shao	韶	955
shao	捎	920
shao	邵	885
shaohou	稍后	800
she	社	1200
she	设	1165
she	舍	1130
she	射	1095
she	蛇	1060
she	摄	1025
she	涉	990
she	舌	955
she	折	920
she	赦	885
shei	谁	1200
shen	什	1200
shen	深	1165
shen	身	1130
shen	神	1095
shen	申	1060
shen	审	1025
shen	伸	990
shen	甚	955
shen	渗	920
shen	慎	885
sheng	生	1200
sheng	声	1165
sheng	省	1130
sheng	升	1095
sheng	胜	1060
sheng	剩	1025
sheng	圣	990
sheng	绳	955
sheng	盛	920
sheng	牲	885
shenghuo	生活	900
shenzhen	深圳	860
shezhi	设置	860
shi	是	1200
shi	时	1165
shi	十	1130
shi	事	1095
shi	使	1060
shi	世	1025
shi	市	990
shi	师	955
shi	识	920
shi	始	885
shibai	失败	850
shijian	时间	880
shou	手	1200
shou	收	1165
shou	受	1130
shou	首	1095
shou	守	1060
shou	授	1025
shou	瘦	990
shou	寿	955
shou	售	920
shou	兽	885
shu	书	1200
shu	数	1165
shu	术	1130
shu	树	1095
shu	属	1060
shu	输	1025
shu	熟	990
shu	述	955
shu	束	920
shu	叔	885
shua	刷	1200
shua	耍	1165
shua	唰	1130
shuai	帅	1200
shuai	摔	1165
shuai	甩	1130
shuai	衰	1095
shuai	蟀	1060
shuan	栓	1200
shuan	拴	1165
shuan	涮	1130
shuan	闩	1095
shuang	双	1200
shuang	爽	1165
shuang	霜	1130
shuang	孀	1095
shuang	泷	1060
shui	水	1200
shui	睡	1165
shui	谁	1130
shui	税	1095
shui	说	1060
shun	顺	1200
shun	瞬	1165
shun	舜	1130
shun	吮	1095
shuo	说	1200
shuo	硕	1165
shuo	朔	1130
shuo	烁	1095
shuo	蒴	1060
shuo	铄	1025
shuo	搠	990
shuo	妁	955
shurufa	输入法	900
si	四	1200
si	思	1165
si	死	1130
si	司	1095
si	私	1060
si	似	1025
si	斯	990
si	丝	955
si	撕	920
si	寺	885
song	送	1200
song	松	1165
song	宋	1130
song	颂	1095
song	诵	1060
song	耸	1025
song	讼	990
song	嵩	955
song	怂	920
song	淞	885
sou	搜	1200
sou	艘	1165
sou	嗽	1130
sou	叟	1095
sou	擞	1060
sou	飕	1025
sou	馊	990
sou	薮	955
sou	嗖	920
sou	瞍	885
su	苏	1200
su	速	1165
su	素	1130
su	诉	1095
su	俗	1060
su	宿	1025
su	塑	990
su	酥	955
su	肃	920
su	溯	885
suan	算	1200
suan	酸	1165
suan	蒜	1130
suan	狻	1095
sui	虽	1200
sui	随	1165
sui	岁	1130
sui	碎	1095
sui	遂	1060
sui	髓	1025
sui	隋	990
sui	穗	955
sui	邃	920
sui	祟	885
sun	孙	1200
sun	损	1165
sun	笋	1130
sun	榫	1095
sun	隼	1060
sun	狲	1025
suo	所	1200
suo	索	1165
suo	锁	1130
suo	缩	1095
suo	琐	1060
suo	唆	1025
suo	梭	990
suo	蓑	955
suo	娑	920
suo	唢	885
ta	他	1200
ta	她	1165
ta	它	1130
ta	塔	1095
ta	踏	1060
ta	拓	1025
ta	塌	990
ta	榻	955
ta	蹋	920
ta	挞	885
tai	太	1200
tai	台	1165
tai	态	1130
tai	抬	1095
tai	泰	1060
tai	胎	1025
tai	苔	990
tai	邰	955
tai	汰	920
tai	钛	885
tamen	他们	840
tan	谈	1200
tan	弹	1165
tan	探	1130
tan	坦	1095
tan	叹	1060
tan	碳	1025
tan	滩	990
tan	贪	955
tan	摊	920
tan	潭	885
tang	糖	1200
tang	汤	1165
tang	堂	1130
tang	唐	1095
tang	塘	1060
tang	趟	1025
tang	躺	990
tang	烫	955
tang	棠	920
tang	膛	885
tao	套	1200
tao	讨	1165
tao	逃	1130
tao	桃	1095
tao	陶	1060
tao	淘	1025
tao	萄	990
tao	涛	955
tao	掏	920
tao	滔	885
te	特	1200
te	忒	1165
te	铽	1130
teng	疼	1200
teng	腾	1165
teng	滕	1130
teng	藤	1095
teng	誊	1060
ti	提	1200
ti	体	1165
ti	题	1130
ti	替	1095
ti	踢	1060
ti	梯	1025
ti	剃	990
ti	蹄	955
ti	啼	920
ti	涕	885
tian	天	1200
tian	田	1165
tian	填	1130
tian	甜	1095
tian	添	1060
tian	舔	1025
tian	掭	990
tian	腆	955
tian	阗	920
tian	恬	885
tianqi	天气	860
tiao	条	1200
tiao	跳	1165
tiao	调	1130
tiao	挑	1095
tiao	迢	1060
tiao	眺	1025
tiao	苕	990
tiao	祧	955
tiao	窕	920
tiao	髫	885
tie	铁	1200
tie	贴	1165
tie	帖	1130
tie	萜	1095
tie	餮	1060
tijiao	提交	840
ting	听	1200
ting	停	1165
ting	挺	1130
ting	厅	1095
ting	庭	1060
ting	亭	1025
ting	婷	990
ting	艇	955
ting	汀	920
ting	霆	885
tingzhi	停止	760
tixing	提醒	820
tong	同	1200
tong	通	1165
tong	统	1130
tong	痛	1095
tong	童	1060
tong	铜	1025
tong	桐	990
tong	筒	955
tong	瞳	920
tong	彤	885
tongshi	同事	820
tou	头	1200
tou	投	1165
tou	透	1130
tou	偷	1095
tou	钭	1060
tou	骰	1025
tu	土	1200
tu	图	1165
tu	突	1130
tu	吐	1095
tu	涂	1060
tu	兔	1025
tu	途	990
tu	徒	955
tu	屠	920
tu	秃	885
tuan	团	1200
tuan	湍	1165
tuan	疃	1130
tuan	抟	1095
tui	推	1200
tui	退	1165
tui	腿	1130
tui	颓	1095
tui	蜕	1060
tui	褪	1025
tui	煺	990
tuichu	退出	780
tuijian	推荐	850
tun	吞	1200
tun	屯	1165
tun	臀	1130
tun	囤	1095
tun	褪	1060
tun	饨	1025
tun	豚	990
tun	暾	955
tuo	托	1200
tuo	脱	1165
tuo	拖	1130
tuo	妥	1095
tuo	驼	1060
tuo	椭	1025
tuo	拓	990
tuo	唾	955
tuo	驮	920
tuo	陀	885
tupian	图片	800
wa	挖	1200
wa	哇	1165
wa	娃	1130
wa	瓦	1095
wa	蛙	1060
wa	袜	1025
wa	洼	990
wa	佤	955
wa	娲	920
wa	腽	885
wai	外	1200
wai	歪	1165
wai	崴	1130
wan	万	1200
wan	完	1165
wan	玩	1130
wan	晚	1095
wan	碗	1060
wan	弯	1025
wan	湾	990
wan	挽	955
wan	丸	920
wan	顽	885
wanan	晚安	860
wancheng	完成	860
wang	王	1200
wang	网	1165
wang	忘	1130
wang	望	1095
wang	往	1060
wang	亡	1025
wang	汪	990
wang	旺	955
wang	妄	920
wang	枉	885
wangluo	网络	850
wanshanghao	晚上好	810
wei	为	1200
wei	位	1165
wei	未	1130
wei	微	1095
wei	围	1060
wei	危	1025
wei	伟	990
wei	味	955
wei	唯	920
wei	维	885
weizhi	位置	800
wen	问	1200
wen	文	1165
wen	闻	1130
wen	温	1095
wen	稳	1060
wen	纹	1025
wen	吻	990
wen	蚊	955
wen	瘟	920
wen	紊	885
weng	翁	1200
weng	嗡	1165
weng	瓮	1130
weng	蓊	1095
weng	蕹	1060
wenjian	文件	820
wenzhang	文章	820
wo	我	1200
wo	握	1165
wo	窝	1130
wo	卧	1095
wo	沃	1060
wo	蜗	1025
wo	涡	990
wo	斡	955
wo	倭	920
wo	幄	885
women	我们	950
wu	五	1200
wu	无	1165
wu	物	1130
wu	务	1095
wu	武	1060
wu	午	1025
wu	误	990
wu	舞	955
wu	雾	920
wu	乌	885
xi	西	1200
xi	系	1165
xi	洗	1130
xi	席	1095
xi	习	1060
xi	细	1025
xi	喜	990
xi	息	955
xi	希	920
xi	戏	885
xia	下	1200
xia	夏	1165
xia	吓	1130
xia	虾	1095
xia	霞	1060
xia	峡	1025
xia	瞎	990
xia	侠	955
xia	狭	920
xia	辖	885
xian	先	1200
xian	现	1165
xian	线	1130
xian	限	1095
xian	县	1060
xian	显	1025
xian	险	990
xian	献	955
xian	鲜	920
xian	闲	885
xiang	想	1200
xiang	向	1165
xiang	像	1130
xiang	相	1095
xiang	香	1060
xiang	响	1025
xiang	箱	990
xiang	乡	955
xiang	项	920
xiang	祥	885
xiangmu	项目	800
xiangyao	想要	880
xianzai	现在	930
xiao	小	1200
xiao	笑	1165
xiao	消	1130
xiao	校	1095
xiao	效	1060
xiao	晓	1025
xiao	销	990
xiao	萧	955
xiao	肖	920
xiao	削	885
xiaoxi	消息	830
xiazai	下载	800
xie	写	1200
xie	些	1165
xie	谢	1130
xie	协	1095
xie	鞋	1060
xie	血	1025
xie	携	990
xie	斜	955
xie	泄	920
xie	楔	885
xiexie	谢谢	1000
xin	新	1200
xin	心	1165
xin	信	1130
xin	欣	1095
xin	辛	1060
xin	薪	1025
xin	芯	990
xin	锌	955
xin	馨	920
xin	衅	885
xing	行	1200
xing	形	1165
xing	星	1130
xing	型	1095
xing	性	1060
xing	姓	1025
xing	幸	990
xing	醒	955
xing	兴	920
xing	刑	885
xiong	雄	1200
xiong	熊	1165
xiong	胸	1130
xiong	凶	1095
xiong	兄	1060
xiong	匈	1025
xiong	芎	990
xitong	系统	760
xiu	修	1200
xiu	休	1165
xiu	秀	1130
xiu	锈	1095
xiu	绣	1060
xiu	袖	1025
xiu	羞	990
xiu	嗅	955
xiu	宿	920
xiu	朽	885
xu	许	1200
xu	需	1165
xu	须	1130
xu	续	1095
xu	虚	1060
xu	序	1025
xu	徐	990
xu	叙	955
xu	蓄	920
xu	绪	885
xuan	选	1200
xuan	宣	1165
xuan	悬	1130
xuan	玄	1095
xuan	旋	1060
xuan	喧	1025
xuan	轩	990
xuan	渲	955
xuan	眩	920
xuan	漩	885
xue	学	1200
xue	雪	1165
xue	血	1130
xue	穴	1095
xue	靴	1060
xue	薛	1025
xue	噱	990
xue	踅	955
xue	鳕	920
xuexi	学习	920
xun	寻	1200
xun	训	1165
xun	讯	1130
xun	迅	1095
xun	循	1060
xun	巡	1025
xun	旬	990
xun	询	955
xun	殉	920
xun	熏	885
xuyao	需要	900
ya	呀	1200
ya	压	1165
ya	牙	1130
ya	亚	1095
ya	押	1060
ya	雅	1025
ya	鸭	990
ya	芽	955
ya	崖	920
ya	哑	885
yan	眼	1200
yan	言	1165
yan	研	1130
yan	严	1095
yan	盐	1060
yan	演	1025
yan	烟	990
yan	验	955
yan	沿	920
yan	延	885
yang	样	1200
yang	阳	1165
yang	养	1130
yang	洋	1095
yang	羊	1060
yang	扬	1025
yang	杨	990
yang	央	955
yang	氧	920
yang	仰	885
yanzhengma	验证码	830
yao	要	1200
yao	药	1165
yao	摇	1130
yao	腰	1095
yao	遥	1060
yao	咬	1025
yao	窑	990
yao	邀	955
yao	姚	920
yao	尧	885
ye	也	1200
ye	业	1165
ye	夜	1130
ye	叶	1095
ye	野	1060
ye	页	1025
ye	液	990
ye	爷	955
ye	冶	920
ye	噎	885
yi	一	1200
yi	以	1165
yi	已	1130
yi	意	1095
yi	义	1060
yi	医	1025
yi	衣	990
yi	易	955
yi	艺	920
yi	亿	885
yin	因	1200
yin	音	1165
yin	阴	1130
yin	引	1095
yin	银	1060
yin	印	1025
yin	饮	990
yin	隐	955
yin	殷	920
yin	茵	885
ying	应	1200
ying	影	1165
ying	英	1130
ying	营	1095
ying	迎	1060
ying	硬	1025
ying	映	990
ying	赢	955
ying	鹰	920
ying	盈	885
yingwen	英文	880
yinhangka	银行卡	760
yo	哟	1200
yo	唷	1165
yong	用	1200
yong	永	1165
yong	拥	1130
yong	勇	1095
yong	涌	1060
yong	泳	1025
yong	庸	990
yong	雍	955
yong	咏	920
yong	踊	885
you	有	1200
you	又	1165
you	由	1130
you	友	1095
you	油	1060
you	优	1025
you	右	990
you	游	955
you	尤	920
you	幽	885
youhui	优惠	790
youjian	邮件	800
yu	与	1200
yu	于	1165
yu	语	1130
yu	育	1095
yu	雨	1060
yu	鱼	1025
yu	余	990
yu	宇	955
yu	玉	920
yu	遇	885
yuan	元	1200
yuan	原	1165
yuan	远	1130
yuan	员	1095
yuan	院	1060
yuan	园	1025
yuan	源	990
yuan	愿	955
yuan	圆	920
yuan	援	885
yue	月	1200
yue	越	1165
yue	约	1130
yue	阅	1095
yue	跃	1060
yue	乐	1025
yue	悦	990
yue	粤	955
yue	岳	920
yue	钥	885
yun	云	1200
yun	运	1165
yun	允	1130
yun	孕	1095
yun	韵	1060
yun	晕	1025
yun	蕴	990
yun	匀	955
yun	陨	920
yun	芸	885
yuwen	语文	760
za	杂	1200
za	砸	1165
za	咋	1130
za	匝	1095
za	扎	1060
za	咂	1025
za	拶	990
zai	在	1200
zai	再	1165
zai	载	1130
zai	栽	1095
zai	灾	1060
zai	宰	1025
zai	仔	990
zai	崽	955
zai	甾	920
zai	哉	885
zaijian	再见	860
zan	咱	1200
zan	暂	1165
zan	赞	1130
zan	簪	1095
zan	攒	1060
zan	瓒	1025
zan	昝	990
zan	趱	955
zang	脏	1200
zang	藏	1165
zang	葬	1130
zang	赃	1095
zang	臧	1060
zang	驵	1025
zang	奘	990
zao	早	1200
zao	造	1165
zao	遭	1130
zao	糟	1095
zao	灶	1060
zao	燥	1025
zao	枣	990
zao	噪	955
zao	澡	920
zao	凿	885
zaoshanghao	早上好	820
ze	则	1200
ze	责	1165
ze	择	1130
ze	泽	1095
ze	啧	1060
ze	仄	1025
ze	迮	990
ze	昃	955
ze	箦	920
ze	赜	885
zei	贼	1200
zen	怎	1200
zen	谮	1165
zeng	曾	1200
zeng	增	1165
zeng	赠	1130
zeng	憎	1095
zeng	甑	1060
zeng	罾	1025
zeng	锃	990
zha	扎	1200
zha	炸	1165
zha	眨	1130
zha	渣	1095
zha	榨	1060
zha	闸	1025
zha	诈	990
zha	轧	955
zha	楂	920
zha	铡	885
zhai	摘	1200
zhai	宅	1165
zhai	窄	1130
zhai	债	1095
zhai	斋	1060
zhai	寨	1025
zhai	翟	990
zhai	砦	955
zhan	站	1200
zhan	战	1165
zhan	占	1130
zhan	展	1095
zhan	沾	1060
zhan	瞻	1025
zhan	詹	990
zhan	斩	955
zhan	崭	920
zhan	绽	885
zhang	张	1200
zhang	章	1165
zhang	长	1130
zhang	涨	1095
zhang	掌	1060
zhang	丈	1025
zhang	账	990
zhang	障	955
zhang	仗	920
zhang	杖	885
zhanghao	账号	820
zhantie	粘贴	810
zhao	找	1200
zhao	照	1165
zhao	着	1130
zhao	招	1095
zhao	赵	1060
zhao	召	1025
zhao	朝	990
zhao	兆	955
zhao	爪	920
zhao	罩	885
zhe	这	1200
zhe	者	1165
zhe	着	1130
zhe	哲	1095
zhe	折	1060
zhe	浙	1025
zhe	遮	990
zhe	辄	955
zhe	蛰	920
zhe	蔗	885
zhei	这	1200
zhen	真	1200
zhen	针	1165
zhen	镇	1130
zhen	阵	1095
zhen	振	1060
zhen	震	1025
zhen	珍	990
zhen	诊	955
zhen	枕	920
zhen	侦	885
zheng	正	1200
zheng	整	1165
zheng	政	1130
zheng	证	1095
zheng	争	1060
zheng	症	1025
zheng	征	990
zheng	蒸	955
zheng	郑	920
zheng	挣	885
zhi	只	1200
zhi	之	1165
zhi	知	1130
zhi	至	1095
zhi	直	1060
zhi	值	1025
zhi	纸	990
zhi	指	955
zhi	止	920
zhi	志	885
zhidao	知道	910
zhidaoma	知道吗	760
zhifu	支付	860
zhineng	智能	800
zhong	中	1200
zhong	种	1165
zhong	重	1130
zhong	众	1095
zhong	终	1060
zhong	钟	1025
zhong	仲	990
zhong	忠	955
zhong	肿	920
zhong	衷	885
zhongguo	中国	1100
zhongwen	中文	920
zhongwuhao	中午好	800
zhou	周	1200
zhou	州	1165
zhou	洲	1130
zhou	粥	1095
zhou	轴	1060
zhou	舟	1025
zhou	皱	990
zhou	骤	955
zhou	宙	920
zhou	昼	885
zhoumo	周末	820
zhu	主	1200
zhu	住	1165
zhu	猪	1130
zhu	注	1095
zhu	助	1060
zhu	著	1025
zhu	朱	990
zhu	竹	955
zhu	珠	920
zhu	祝	885
zhua	抓	1200
zhua	爪	1165
zhuai	拽	1200
zhuai	跩	1165
zhuan	专	1200
zhuan	转	1165
zhuan	赚	1130
zhuan	砖	1095
zhuan	撰	1060
zhuan	篆	1025
zhuan	馔	990
zhuan	颛	955
zhuang	装	1200
zhuang	庄	1165
zhuang	状	1130
zhuang	撞	1095
zhuang	壮	1060
zhuang	幢	1025
zhuang	妆	990
zhuang	桩	955
zhuce	注册	830
zhui	追	1200
zhui	坠	1165
zhui	缀	1130
zhui	赘	1095
zhui	锥	1060
zhui	椎	1025
zhui	骓	990
zhun	准	1200
zhun	谆	1165
zhun	肫	1130
zhun	窀	1095
zhuo	着	1200
zhuo	桌	1165
zhuo	捉	1130
zhuo	灼	1095
zhuo	卓	1060
zhuo	拙	1025
zhuo	琢	990
zhuo	浊	955
zhuo	酌	920
zhuo	啄	885
zi	字	1200
zi	自	1165
zi	子	1130
zi	紫	1095
zi	资	1060
zi	仔	1025
zi	姿	990
zi	滋	955
zi	籽	920
zi	咨	885
zong	总	1200
zong	宗	1165
zong	综	1130
zong	纵	1095
zong	棕	1060
zong	踪	1025
zong	粽	990
zong	鬃	955
zong	偬	920
zong	枞	885
zongjie	总结	790
zou	走	1200
zou	奏	1165
zou	邹	1130
zou	揍	1095
zou	诹	1060
zou	陬	1025
zou	鄹	990
zou	驺	955
zou	鲰	920
zu	组	1200
zu	足	1165
zu	族	1130
zu	祖	1095
zu	租	1060
zu	阻	1025
zu	卒	990
zu	诅	955
zu	镞	920
zu	菹	885
zuan	钻	1200
zuan	攥	1165
zuan	纂	1130
zuan	躜	1095
zuan	缵	1060
zui	最	1200
zui	嘴	1165
zui	醉	1130
zui	罪	1095
zui	蕞	1060
zun	尊	1200
zun	遵	1165
zun	撙	1130
zun	鳟	1095
zun	樽	1060
zuo	做	1200
zuo	作	1165
zuo	坐	1130
zuo	左	1095
zuo	座	1060
zuo	昨	1025
zuo	佐	990
zuo	琢	955
zuo	柞	920
zuo	凿	885
zuotian	昨天	850
